Model Name,f1 score,test_acc,roc
Logistic Regression,0.42400000000000004,0.8184110970996217,0.8317266455342158
PCA Logistic Regression,0.42400000000000004,0.8184110970996217,0.8318012306544844
Random Forest,0.4846153846153846,0.8310214375788146,0.863173596867425
Gradient Boosted Tree,0.48745519713261654,0.819672131147541,0.8480234943128846
