Model Name,f1 score,test_acc,roc
Logistic Regression,0.42400000000000004,0.8184110970996217,0.8317266455342158
PCA Logistic Regression,0.42400000000000004,0.8184110970996217,0.8318012306544844
Random Forest,0.4390243902439024,0.8259773013871374,0.8635092299086332
Gradient Boosted Tree,0.5034013605442177,0.8158890290037831,0.8522748461681895
