Model Name,f1 score,test_acc,best_score_,roc
Logistic Regression,0.42400000000000004,0.8184110970996217,0.8117405635484067,0.8317359686742495
PCA Logistic Regression,0.42400000000000004,0.8184110970996217,0.8116664497744026,0.8318012306544844
Random Forest,0.41632653061224495,0.819672131147541,0.8426445450988567,0.8630151034868543
Gradient Boosted Tree,0.5017667844522968,0.8221941992433796,0.8302974312747132,0.8425881036733172
