Model Name,f1 score,test_acc,roc,precision,recall
Logistic Regression,0.39830508474576265,0.8209331651954602,0.8317546149543167,0.746031746031746,0.27167630057803466
PCA Logistic Regression,0.3983402489626556,0.8171500630517023,0.831829200074585,0.7058823529411765,0.2774566473988439
Random Forest,0.5523465703971119,0.6872635561160151,0.864665299272795,0.4015748031496063,0.884393063583815
Gradient Boosted Tree,0.5460122699386503,0.8133669609079445,0.8458418795450309,0.5816993464052288,0.5144508670520231
