Model Name,f1 score,test_acc,roc
Logistic Regression,0.4150943396226416,0.8860294117647058,0.8673766958285787
PCA Logistic Regression,0.4150943396226416,0.8860294117647058,0.8616711043489287
Random Forest,0.46153846153846156,0.8970588235294118,0.8699125142639788
Gradient Boosted Tree,0.5333333333333333,0.8970588235294118,0.8770128058830987
