Model Name,f1 score,test_acc,roc,precision,recall
Logistic Regression,0.3333333333333333,0.8970588235294118,0.8677570685938887,0.7777777777777778,0.21212121212121213
PCA Logistic Regression,0.30000000000000004,0.8970588235294118,0.8743501965259287,0.8571428571428571,0.18181818181818182
Random Forest,0.37499999999999994,0.8897058823529411,0.8735894509953087,0.6,0.2727272727272727
Gradient Boosted Tree,0.27906976744186046,0.8860294117647058,0.8716875871687586,0.6,0.18181818181818182
