Model Name,f1 score,test_acc,roc,precision,recall
Logistic Regression,0.360655737704918,0.8566176470588235,0.8677570685938887,0.39285714285714285,0.3333333333333333
PCA Logistic Regression,0.41379310344827586,0.875,0.8743501965259287,0.48,0.36363636363636365
Random Forest,0.49484536082474223,0.8198529411764706,0.8735894509953087,0.375,0.7272727272727273
Gradient Boosted Tree,0.5365853658536586,0.8602941176470589,0.8716875871687586,0.4489795918367347,0.6666666666666666
