Model Name,f1 score,test_acc,best_score_,roc
Logistic Regression,0.4150943396226416,0.8860294117647058,0.8715199503497434,0.8673766958285787
PCA Logistic Regression,0.4150943396226416,0.8860294117647058,0.8720812993605523,0.8615443134271586
Random Forest,0.4528301886792453,0.8933823529411765,0.8789958277129155,0.8742234056041587
Gradient Boosted Tree,0.41935483870967744,0.8676470588235294,0.8626263159183785,0.8391023202738684
