Model Name,f1 score,test_acc,roc
Logistic Regression,0.4150943396226416,0.8860294117647058,0.8673766958285787
PCA Logistic Regression,0.4150943396226416,0.8860294117647058,0.8615443134271586
Random Forest,0.45614035087719296,0.8860294117647058,0.8792950424749588
Gradient Boosted Tree,0.4590163934426229,0.8786764705882353,0.8489920121719284
